{
  "properties": {
    "connectionReferences": {
      "shared_commondataserviceforapps": {
        "runtimeSource": "embedded",
        "connection": {
          "connectionReferenceLogicalName": "ya_sharedcommondataserviceforapps_3f397"
        },
        "api": {
          "name": "shared_commondataserviceforapps"
        }
      },
      "shared_office365": {
        "runtimeSource": "embedded",
        "connection": {
          "connectionReferenceLogicalName": "ya_sharedoffice365_28e02"
        },
        "api": {
          "name": "shared_office365"
        }
      },
      "shared_office365users": {
        "runtimeSource": "embedded",
        "connection": {
          "connectionReferenceLogicalName": "ya_sharedoffice365users_11fe0"
        },
        "api": {
          "name": "shared_office365users"
        }
      }
    },
    "definition": {
      "$schema": "https://schema.management.azure.com/providers/Microsoft.Logic/schemas/2016-06-01/workflowdefinition.json#",
      "contentVersion": "1.0.0.0",
      "parameters": {
        "$connections": {
          "defaultValue": {},
          "type": "Object"
        },
        "$authentication": {
          "defaultValue": {},
          "type": "SecureObject"
        }
      },
      "triggers": {
        "Recurrence": {
          "recurrence": {
            "frequency": "Day",
            "interval": 1,
            "startTime": "2022-06-18T00:00:00Z"
          },
          "metadata": {
            "operationMetadataId": "afda846a-1926-4080-be42-fffc39893481"
          },
          "type": "Recurrence"
        }
      },
      "actions": {
        "現在の時刻": {
          "runAfter": {
            "マイ_プロフィールの取得_(V2)": [
              "Succeeded"
            ]
          },
          "metadata": {
            "operationMetadataId": "6c6bfd9e-f09b-4ba4-99f6-0b88828d77c9"
          },
          "type": "Expression",
          "kind": "CurrentTime",
          "inputs": {}
        },
        "変数を初期化する": {
          "runAfter": {
            "現在の時刻": [
              "Succeeded"
            ]
          },
          "metadata": {
            "operationMetadataId": "d2c8efc7-1c65-44ab-86df-f0b536607e3b"
          },
          "type": "InitializeVariable",
          "inputs": {
            "variables": [
              {
                "name": "30日後の日付",
                "type": "string",
                "value": "@{addDays(body('現在の時刻'), 30, 'yyyy-MM-ddT00:00:00Z')}"
              }
            ]
          }
        },
        "条件": {
          "actions": {
            "行を一覧にする": {
              "runAfter": {},
              "metadata": {
                "operationMetadataId": "ccd44507-0211-4e3e-b870-5f411939f900"
              },
              "type": "OpenApiConnection",
              "inputs": {
                "host": {
                  "connectionName": "shared_commondataserviceforapps",
                  "operationId": "ListRecords",
                  "apiId": "/providers/Microsoft.PowerApps/apis/shared_commondataserviceforapps"
                },
                "parameters": {
                  "entityName": "ya_items",
                  "$filter": "ya_expirationdate le @{variables('30日後の日付')}"
                },
                "authentication": "@parameters('$authentication')"
              }
            },
            "HTML_テーブルの作成": {
              "runAfter": {
                "行を一覧にする": [
                  "Succeeded"
                ]
              },
              "metadata": {
                "operationMetadataId": "7538e984-6cfd-4aa1-a47c-178d1c434b6e"
              },
              "type": "Table",
              "inputs": {
                "from": "@outputs('行を一覧にする')?['body/value']",
                "format": "HTML",
                "columns": [
                  {
                    "header": "Checked",
                    "value": "@item()?['ya_checked']"
                  },
                  {
                    "header": "Name",
                    "value": "@item()?['ya_name']"
                  },
                  {
                    "header": "Quantity",
                    "value": "@item()?['ya_quantity']"
                  },
                  {
                    "header": "ExpirationDate",
                    "value": "@item()?['ya_expirationdate']"
                  }
                ]
              }
            },
            "メールの送信_(V2)": {
              "runAfter": {
                "HTML_テーブルの作成": [
                  "Succeeded"
                ]
              },
              "metadata": {
                "operationMetadataId": "5d82359d-67c0-428d-8b3b-b2732b81ecdc"
              },
              "type": "OpenApiConnection",
              "inputs": {
                "host": {
                  "connectionName": "shared_office365",
                  "operationId": "SendEmailV2",
                  "apiId": "/providers/Microsoft.PowerApps/apis/shared_office365"
                },
                "parameters": {
                  "emailMessage/To": "@outputs('マイ_プロフィールの取得_(V2)')?['body/mail']",
                  "emailMessage/Subject": "ExpirationDateNotification",
                  "emailMessage/Body": "<p>@{body('HTML_テーブルの作成')}</p>"
                },
                "authentication": "@parameters('$authentication')"
              }
            }
          },
          "runAfter": {
            "変数を初期化する": [
              "Succeeded"
            ]
          },
          "else": {
            "actions": {
              "行を一覧にする_2": {
                "runAfter": {},
                "metadata": {
                  "operationMetadataId": "5920a1ed-c62a-483f-80c1-67da7c5edbfc"
                },
                "type": "OpenApiConnection",
                "inputs": {
                  "host": {
                    "connectionName": "shared_commondataserviceforapps",
                    "operationId": "ListRecords",
                    "apiId": "/providers/Microsoft.PowerApps/apis/shared_commondataserviceforapps"
                  },
                  "parameters": {
                    "entityName": "ya_items",
                    "$filter": "ya_expirationdate gt @{variables('30日後の日付')}"
                  },
                  "authentication": "@parameters('$authentication')"
                }
              }
            }
          },
          "expression": {
            "equals": [
              1,
              1
            ]
          },
          "metadata": {
            "operationMetadataId": "c77948c4-d6fe-4105-83b7-150f14c2a3d1"
          },
          "type": "If"
        },
        "マイ_プロフィールの取得_(V2)": {
          "runAfter": {},
          "metadata": {
            "operationMetadataId": "018d48cf-a65c-4e98-af5f-dbb8315e2989"
          },
          "type": "OpenApiConnection",
          "inputs": {
            "host": {
              "connectionName": "shared_office365users",
              "operationId": "MyProfile_V2",
              "apiId": "/providers/Microsoft.PowerApps/apis/shared_office365users"
            },
            "parameters": {},
            "authentication": "@parameters('$authentication')"
          }
        }
      }
    }
  },
  "schemaVersion": "1.0.0.0"
}